{"LiquidScanStyle":true,"LiquidDirty":true,"LiquidBlinker":1,"Liquid_On_Color":{"r":0.5354223847389221,"g":0.6029999852180481,"b":0.436655193567276,"a":1.0},"Liquid_Off_Color":{"r":0.4032740294933319,"g":0.4540000259876251,"b":0.32869601249694826,"a":1.0},"PoolCount_Int":50,"PoolCount_Float":50,"PoolCount_String":50,"PoolCount_Vector2":50,"PoolCount_Vector3":50,"PoolCount_Vector4":50,"PoolCount_Quaternion":50,"PoolCount_Color":50}