{"LiquidScanStyle":true,"LiquidDirty":true,"LiquidBlinker":1,"Liquid_On_Color":{"r":0.5354223847389221,"g":0.6029999852180481,"b":0.436655193567276,"a":1.0},"Liquid_Off_Color":{"r":0.4032740294933319,"g":0.4540000259876251,"b":0.32869601249694826,"a":1.0},"PoolCount_Int":250,"PoolCount_Float":250,"PoolCount_String":250,"PoolCount_Vector2":250,"PoolCount_Vector3":250,"PoolCount_Vector4":250,"PoolCount_Quaternion":250,"PoolCount_Color":250}